layer,custom_time,std_time,params_custom,params_std
CustomConv2d,0.14600038528442383,0.0009999275207519531,224,224
SpatialAttention,0.030998945236206055,0.001001596450805664,99,0
NormalizedSwish,0.0009989738464355469,0.0029993057250976562,0,0
LPPooling2d,0.04300069808959961,0.0010001659393310547,0,0
