model,test_acc,train_time_s,grad_stats,receptive_field,params
Kernel_3x3,0.344,84.60340929031372,"{'conv1.weight': 0.5797306895256042, 'conv1.bias': 0.172046959400177, 'conv2.weight': 0.438347727060318, 'conv2.bias': 0.05725769326090813, 'classifier.weight': 0.9720696210861206, 'classifier.bias': 0.0881725549697876}",5,10474
Kernel_5x5,0.3288,79.1901695728302,"{'conv1.weight': 0.5527962446212769, 'conv1.bias': 0.08473042398691177, 'conv2.weight': 0.4205622971057892, 'conv2.bias': 0.026682917028665543, 'classifier.weight': 0.7467942833900452, 'classifier.bias': 0.05084706470370293}",9,3992
Kernel_7x7,0.2121,78.931480884552,"{'conv1.weight': 0.7067146897315979, 'conv1.bias': 0.028923876583576202, 'conv2.weight': 0.184261292219162, 'conv2.bias': 0.012384925968945026, 'classifier.weight': 0.20207485556602478, 'classifier.bias': 0.10341396927833557}",13,2030
Mixed 1x1+3x3,0.2788,79.20144557952881,"{'conv1.weight': 0.11563516408205032, 'conv1.bias': 0.043031930923461914, 'conv2.weight': 0.1333783119916916, 'conv2.bias': 0.015347135253250599, 'classifier.weight': 0.27103108167648315, 'classifier.bias': 0.03713957965373993}",3,9706
